[
    {
      "name": "Programming",
      "slug": "programming",
      "description": "Posts related to programming languages, concepts, and tools used for building software applications."
    },
    {
      "name": "Database",
      "slug": "database",
      "description": "Posts about databases, including NoSQL, relational databases, and other data management technologies."
    },
    {
      "name": "Framework",
      "slug": "framework",
      "description": "Posts on various web application frameworks, their usage, and best practices."
    },
    {
      "name": "API",
      "slug": "api",
      "description": "Posts discussing RESTful APIs, their design, and how they facilitate communication between systems."
    },
    {
      "name": "JavaScript",
      "slug": "javascript",
      "description": "Posts focusing on JavaScript language features, updates, and best practices."
    }
  ]
  